"Status","Start Time","Stop Time","Duration in ms","Parent Suite","Suite","Sub Suite","Test Class","Test Method","Name","Description"
"passed","Wed Jan 25 01:06:58 EST 2023","Wed Jan 25 01:07:32 EST 2023","33155","test","test_login","TestLogin","","","test_login_successfully",""
"passed","Wed Jan 25 01:06:09 EST 2023","Wed Jan 25 01:06:13 EST 2023","4731","test","test_login-test","TestLogin","","","test_user_can_click_info_page",""
"passed","Wed Jan 25 01:06:32 EST 2023","Wed Jan 25 01:06:34 EST 2023","1523","test","test_login-test","TestLogin","","","test_logout_successfully",""
"passed","Wed Jan 25 01:07:42 EST 2023","Wed Jan 25 01:07:50 EST 2023","8180","test","test_login","TestLogin","","","test_user_should_not_login_with_invalid_credential",""
"passed","Wed Jan 25 01:06:28 EST 2023","Wed Jan 25 01:06:32 EST 2023","3996","test","test_login-test","TestLogin","","","test_user_can_click_performance_page",""
"passed","Wed Jan 25 01:06:13 EST 2023","Wed Jan 25 01:06:22 EST 2023","9105","test","test_login-test","TestLogin","","","test_user_can_click_admin_page",""
"passed","Wed Jan 25 01:06:22 EST 2023","Wed Jan 25 01:06:28 EST 2023","5917","test","test_login-test","TestLogin","","","test_user_can_click_leave_page",""
"passed","Wed Jan 25 01:07:32 EST 2023","Wed Jan 25 01:07:42 EST 2023","10273","test","test_login","TestLogin","","","test_logout_successfully",""
"passed","Wed Jan 25 01:06:06 EST 2023","Wed Jan 25 01:06:09 EST 2023","2490","test","test_login-test","TestLogin","","","test_login_successfully",""
"passed","Wed Jan 25 01:06:34 EST 2023","Wed Jan 25 01:06:36 EST 2023","2077","test","test_login-test","TestLogin","","","test_user_should_not_login_with_invalid_credential",""
"passed","Wed Jan 25 00:05:05 EST 2023","Wed Jan 25 00:05:16 EST 2023","11120","","","","","","user should see nationalities page",""
"passed","Wed Jan 25 00:05:27 EST 2023","Wed Jan 25 00:05:41 EST 2023","14035","","","","","","user should not login with invalid credential",""
"passed","Wed Jan 25 00:05:41 EST 2023","Wed Jan 25 00:06:15 EST 2023","34229","","","","","","user should login successfully",""
"passed","Wed Jan 25 00:04:54 EST 2023","Wed Jan 25 00:05:05 EST 2023","10432","","","","","","user should see qualifications page",""
"passed","Wed Jan 25 00:04:15 EST 2023","Wed Jan 25 00:04:29 EST 2023","13941","","","","","","user should see admin page",""
"passed","Wed Jan 25 00:04:29 EST 2023","Wed Jan 25 00:04:40 EST 2023","11461","","","","","","user should see job titles page",""
"passed","Wed Jan 25 00:04:40 EST 2023","Wed Jan 25 00:04:54 EST 2023","14226","","","","","","user should see organization page",""
"passed","Wed Jan 25 00:05:16 EST 2023","Wed Jan 25 00:05:27 EST 2023","10562","","","","","","user should logout successfully",""
